id,title,category,group,confidence,source_images,legacy_id,file
001,Зеленці з соусом,Консервація,Огірки,medium,IMG_1660.jpg,B02-006,recipes/01-konservatsiya/ohirky/001-zelentsi-z-sousom.md
002,Огірки в томаті,Консервація,Огірки,high,IMG_1653.jpg,B01-012,recipes/01-konservatsiya/ohirky/002-ohirky-v-tomati.md
003,Огірки в томаті,Консервація,Огірки,high,IMG_1673.jpg,B03-009,recipes/01-konservatsiya/ohirky/003-ohirky-v-tomati.md
005,Огірки з пачки 1,Консервація,Огірки,high,IMG_1654.jpg,B01-017,recipes/01-konservatsiya/ohirky/005-ohirky-z-pachky-1.md
006,Огірки з приправою «10 овочів»,Консервація,Огірки,high,IMG_1672.jpg,B03-008,recipes/01-konservatsiya/ohirky/006-ohirky-z-prypravoyu-10-ovochiv.md
007,Огірки із чилі,Консервація,Огірки,high,IMG_1653.jpg,B01-011,recipes/01-konservatsiya/ohirky/007-ohirky-iz-chyli.md
008,Огірки — простий маринад на 3-літрову банку,Консервація,Огірки,high,IMG_1653.jpg,B01-013,recipes/01-konservatsiya/ohirky/008-ohirky-prostyy-marynad-na-3-litrovu-banku.md
009,Салат «Ніжинський» з морквою №2,Консервація,Огірки,high,IMG_1654.jpg,B01-015,recipes/01-konservatsiya/ohirky/009-salat-nizhynskyy-z-morkvoyu-2.md
010,Салат «Ніжинський» №1,Консервація,Огірки,high,IMG_1654.jpg,B01-014,recipes/01-konservatsiya/ohirky/010-salat-nizhynskyy-1.md
011,Салат «Ніжинський» №3 з часником,Консервація,Огірки,high,IMG_1654.jpg,B01-016,recipes/01-konservatsiya/ohirky/011-salat-nizhynskyy-3-z-chasnykom.md
012,Зелені помідори фаршировані,Консервація,Помідори,high,IMG_1649.jpg,B01-001,recipes/01-konservatsiya/pomidory/012-zeleni-pomidory-farshyrovani.md
013,Помідори з томатною пастою,Консервація,Помідори,high,IMG_1671.jpg,B03-006,recipes/01-konservatsiya/pomidory/013-pomidory-z-tomatnoyu-pastoyu.md
014,Помідори дольками,Консервація,Помідори,high,IMG_1668.jpg,B02-022,recipes/01-konservatsiya/pomidory/014-pomidory-dolkamy.md
015,Помідори дольками — варіант 2,Консервація,Помідори,medium,IMG_1651.jpg,B01-008,recipes/01-konservatsiya/pomidory/015-pomidory-dolkamy-variant-2.md
016,Помідори з морковинням,Консервація,Помідори,high,IMG_1650.jpg,B01-006,recipes/01-konservatsiya/pomidory/016-pomidory-z-morkovynnyam.md
017,Помідори червоні в банках,Консервація,Помідори,high,IMG_1650.jpg,B01-003,recipes/01-konservatsiya/pomidory/017-pomidory-chervoni-v-bankakh.md
018,Помідори — маринад на 3-літрову банку,Консервація,Помідори,high,IMG_1650.jpg,B01-004,recipes/01-konservatsiya/pomidory/018-pomidory-marynad-na-3-litrovu-banku.md
019,Торт «Мішка»,Випічка,Торти,high,IMG_1691.jpg,B05-003,recipes/07-vypichka/torty/019-tort-mishka.md
020,Торт «Лебідь-1»,Випічка,Торти,high,IMG_1691.jpg,B05-004,recipes/07-vypichka/torty/020-tort-lebid-1.md
021,Торт «Лебідь-2»,Випічка,Торти,low,IMG_1691.jpg,B05-005,recipes/07-vypichka/torty/021-tort-lebid-2.md
022,Перець — варіант 3,Консервація,Перець,high,IMG_1659.jpg,B02-001,recipes/01-konservatsiya/perets/022-perets-variant-3.md
023,Перець — варіант на 1 л води,Консервація,Перець,high,IMG_1657.jpg,B01-025,recipes/01-konservatsiya/perets/023-perets-variant-na-1-l-vody.md
024,Перець гіркий цілий,Консервація,Перець,high,IMG_1667.jpg,B02-020,recipes/01-konservatsiya/perets/024-perets-hirkyy-tsilyy.md
025,Перець для начинки,Консервація,Перець,high,IMG_1658.jpg,B01-029,recipes/01-konservatsiya/perets/025-perets-dlya-nachynky.md
026,Перець з баклажанами,Консервація,Перець,medium,IMG_1658.jpg,B01-030,recipes/01-konservatsiya/perets/026-perets-z-baklazhanamy.md
027,Перець у томаті,Консервація,Перець,high,IMG_1657.jpg,B01-026,recipes/01-konservatsiya/perets/027-perets-u-tomati.md
028,Перець у томатах,Консервація,Перець,medium,IMG_1659.jpg,B02-003,recipes/01-konservatsiya/perets/028-perets-u-tomatakh.md
029,Перець із зеленцями,Консервація,Перець,high,IMG_1659.jpg,B02-002,recipes/01-konservatsiya/perets/029-perets-iz-zelentsyamy.md
030,Перець — маринад,Консервація,Перець,high,IMG_1657.jpg,B01-024,recipes/01-konservatsiya/perets/030-perets-marynad.md
031,Перець — маринад для обсмаженого перцю,Консервація,Перець,high,IMG_1657.jpg,B01-027,recipes/01-konservatsiya/perets/031-perets-marynad-dlya-obsmazhenoho-pertsyu.md
032,Салат «Перець і гриби»,Консервація,Перець,high,IMG_1658.jpg,B01-028,recipes/01-konservatsiya/perets/032-salat-perets-i-hryby.md
033,З кабачків,Консервація,Кабачки,high,IMG_1663.jpg,B02-013,recipes/01-konservatsiya/kabachky/033-z-kabachkiv.md
034,Кабачки з сардиною,Консервація,Кабачки,high,IMG_1670.jpg,B03-004,recipes/01-konservatsiya/kabachky/034-kabachky-z-sardynoyu.md
035,Кабачки «Салат»,Консервація,Кабачки,high,IMG_1656.jpg,B01-022,recipes/01-konservatsiya/kabachky/035-kabachky-salat.md
036,Кабачки із морквою,Консервація,Кабачки,medium,IMG_1667.jpg,B02-021,recipes/01-konservatsiya/kabachky/036-kabachky-iz-morkvoyu.md
037,Кабачкова ікра,Консервація,Кабачки,high,IMG_1655.jpg,B01-019,recipes/01-konservatsiya/kabachky/037-kabachkova-ikra.md
038,Кабачкові ананаси,Консервація,Кабачки,medium,IMG_1664.jpg,B02-015,recipes/01-konservatsiya/kabachky/038-kabachkovi-ananasy.md
039,Маринад для кабачків,Консервація,Кабачки,high,IMG_1655.jpg,B01-020,recipes/01-konservatsiya/kabachky/039-marynad-dlya-kabachkiv.md
040,Салат «Кабачки»,Консервація,Кабачки,high,IMG_1656.jpg,B01-021,recipes/01-konservatsiya/kabachky/040-salat-kabachky.md
041,Ікра з кабачків з майонезом,Консервація,Кабачки,medium,IMG_1656.jpg,B01-023,recipes/01-konservatsiya/kabachky/041-ikra-z-kabachkiv-z-mayonezom.md
042,Ікра з кабачків — варіант 2,Консервація,Кабачки,high,IMG_1664.jpg,B02-014,recipes/01-konservatsiya/kabachky/042-ikra-z-kabachkiv-variant-2.md
043,Баклажани з грибною приправою,Консервація,Баклажани,high,IMG_1665.jpg,B02-017,recipes/01-konservatsiya/baklazhany/043-baklazhany-z-hrybnoyu-prypravoyu.md
044,Буряки з кабачками,Консервація,Буряки,high,IMG_1661.jpg,B02-008,recipes/01-konservatsiya/buryaky/044-buryaky-z-kabachkamy.md
045,Буряки червоні,Консервація,Буряки,high,IMG_1661.jpg,B02-007,recipes/01-konservatsiya/buryaky/045-buryaky-chervoni.md
046,Маринований буряк,Консервація,Буряки,high,IMG_1675.jpg,B03-011,recipes/01-konservatsiya/buryaky/046-marynovanyy-buryak.md
047,З капусти,Консервація,Капуста,medium,IMG_1661.jpg,B02-009,recipes/01-konservatsiya/kapusta/047-z-kapusty.md
048,Із грибів,Консервація,Гриби,high,IMG_1660.jpg,B02-005,recipes/01-konservatsiya/hryby/048-iz-hrybiv.md
049,Гриби із сацебелі,Консервація,Гриби,high,IMG_1671.jpg,B03-005,recipes/01-konservatsiya/hryby/049-hryby-iz-satsebeli.md
050,Гриби — заливка,Консервація,Гриби,high,IMG_1660.jpg,B02-004,recipes/01-konservatsiya/hryby/050-hryby-zalyvka.md
051,Огірки та кабачки,Консервація,Огірки та кабачки,high,IMG_1653.jpg,B01-010,recipes/01-konservatsiya/ohirky-ta-kabachky/051-ohirky-ta-kabachky.md
052,Помідори з бобами,Консервація,Салати на зиму,high,IMG_1652.jpg,B01-009,recipes/01-konservatsiya/salaty-na-zymu/052-pomidory-z-bobamy.md
053,Салат із зелених помідорів,Консервація,Салати на зиму,high,IMG_1649.jpg,B01-002,recipes/01-konservatsiya/salaty-na-zymu/053-salat-iz-zelenykh-pomidoriv.md
054,Салат «Помідори з рисом»,Консервація,Салати на зиму,medium,IMG_1650.jpg,B01-005,recipes/01-konservatsiya/salaty-na-zymu/054-salat-pomidory-z-rysom.md
055,Борщова приправа,Консервація,Борщові заправки,high,IMG_1672.jpg,B03-007,recipes/01-konservatsiya/borshchovi-zapravky/055-borshchova-pryprava.md
056,Аджика з помідорів,Консервація,"Соуси, кетчупи та аджики",high,IMG_1651.jpg,B01-007,recipes/01-konservatsiya/sousy-ketchupy-ta-adzhyky/056-adzhyka-z-pomidoriv.md
057,Аджика із кабачків,Консервація,"Соуси, кетчупи та аджики",high,IMG_1655.jpg,B01-018,recipes/01-konservatsiya/sousy-ketchupy-ta-adzhyky/057-adzhyka-iz-kabachkiv.md
058,Салат «Горошок»,Салати,Овочеві салати,high,IMG_1677.jpg,B03-017,recipes/02-salaty/ovochevi-salaty/058-salat-horoshok.md
059,Салат «Зелений крокодил»,Салати,Салати з куркою,high,IMG_1683.jpg,B04-011,recipes/02-salaty/salaty-z-kurkoyu/059-salat-zelenyy-krokodyl.md
060,Капуста салат,Салати,Овочеві салати,high,IMG_1670.jpg,B03-003,recipes/02-salaty/ovochevi-salaty/060-kapusta-salat.md
061,Салат «Вишуканий»,Салати,Змішані салати,high,IMG_1678.jpg,B03-020,recipes/02-salaty/zmishani-salaty/061-salat-vyshukanyy.md
062,Салат «Гніздечко»,Салати,Змішані салати,high,IMG_1679.jpg,B04-003,recipes/02-salaty/zmishani-salaty/062-salat-hnizdechko.md
063,Салат «Любимый»,Салати,Змішані салати,high,IMG_1684.jpg,B04-013,recipes/02-salaty/zmishani-salaty/063-salat-lyubymyy.md
064,Салат «Нежность»,Салати,Змішані салати,high,IMG_1683.jpg,B04-012,recipes/02-salaty/zmishani-salaty/064-salat-nezhnost.md
066,Салат «Із сухариків»,Салати,Змішані салати,high,IMG_1679.jpg,B04-002,recipes/02-salaty/zmishani-salaty/066-salat-iz-sukharykiv.md
067,Салат «Гранатовый браслет»,Салати,Салати з куркою,high,IMG_1685.jpg,B04-015,recipes/02-salaty/salaty-z-kurkoyu/067-salat-hranatovyy-braslet.md
068,Жабки,Основні страви,М'ясні страви,high,IMG_1686.jpg,B04-017,recipes/03-osnovni-stravy/m-yasni-stravy/068-zhabky.md
069,Салат «З граната»,Салати,М'ясні салати,high,IMG_1688.jpg,B04-023,recipes/02-salaty/m-yasni-salaty/069-salat-z-hranata.md
070,Салат «З сардин»,Салати,Рибні салати,high,IMG_1676.jpg,B03-014,recipes/02-salaty/rybni-salaty/070-salat-z-sardyn.md
071,Салат «З печінки»,Салати,М'ясні салати,high,IMG_1677.jpg,B03-018,recipes/02-salaty/m-yasni-salaty/071-salat-z-pechinky.md
072,Салат «Із язика»,Салати,М'ясні салати,high,IMG_1676.jpg,B03-012,recipes/02-salaty/m-yasni-salaty/072-salat-iz-yazyka.md
073,Салат «Людмила»,Салати,М'ясні салати,high,IMG_1676.jpg,B03-013,recipes/02-salaty/m-yasni-salaty/073-salat-lyudmyla.md
074,Салат «Чоловічі сльози»,Салати,М'ясні салати,high,IMG_1677.jpg,B03-016,recipes/02-salaty/m-yasni-salaty/074-salat-cholovichi-slozy.md
075,Шашличний салат,Салати,М'ясні салати,high,IMG_1679.jpg,B04-001,recipes/02-salaty/m-yasni-salaty/075-shashlychnyy-salat.md
076,Грибний салат з куркою,Салати,Салати з куркою,high,IMG_1681.jpg,B04-008,recipes/02-salaty/salaty-z-kurkoyu/076-hrybnyy-salat-z-kurkoyu.md
077,Салат «Женский каприз»,Салати,М'ясні салати,high,IMG_1682.jpg,B04-009,recipes/02-salaty/m-yasni-salaty/077-salat-zhenskyy-kapryz.md
078,Салат «Солнышко»,Салати,Салати з куркою,high,IMG_1686.jpg,B04-018,recipes/02-salaty/salaty-z-kurkoyu/078-salat-solnyshko.md
079,Салат «Тиффани»,Салати,Салати з куркою,high,IMG_1684.jpg,B04-014,recipes/02-salaty/salaty-z-kurkoyu/079-salat-tyffany.md
080,Салат «Мімоза»,Салати,Рибні салати,high,IMG_1678.jpg,B03-021,recipes/02-salaty/rybni-salaty/080-salat-mimoza.md
081,Салат «Із копченої риби»,Салати,Рибні салати,high,IMG_1678.jpg,B03-022,recipes/02-salaty/rybni-salaty/081-salat-iz-kopchenoyi-ryby.md
082,Салат «З крабів»,Салати,Крабові салати,high,IMG_1677.jpg,B03-019,recipes/02-salaty/krabovi-salaty/082-salat-z-krabiv.md
083,Салат «Рис і палочки»,Салати,Крабові салати,medium,IMG_1676.jpg,B03-015,recipes/02-salaty/krabovi-salaty/083-salat-rys-i-palochky.md
084,Салат «Морская загадка»,Салати,Морепродукти,medium,IMG_1682.jpg,B04-010,recipes/02-salaty/moreprodukty/084-salat-morskaya-zahadka.md
086,Салат з ківі,Салати,Салати з куркою,high,IMG_1685.jpg,B04-016,recipes/02-salaty/salaty-z-kurkoyu/086-salat-z-kivi.md
087,Салат з печінки,Салати,Страви з печінки,high,IMG_1688.jpg,B04-024,recipes/02-salaty/stravy-z-pechinky/087-salat-z-pechinky.md
088,Салат з мойви,Салати,Рибні страви,high,IMG_1666.jpg,B02-018,recipes/02-salaty/rybni-stravy/088-salat-z-moyvy.md
089,Їжаки,Основні страви,М'ясні страви,high,IMG_1687.jpg,B04-019,recipes/03-osnovni-stravy/m-yasni-stravy/089-yizhaky.md
090,Ковбаса по-гуцульськи,Основні страви,М'ясні страви,high,IMG_1663.jpg,B02-012,recipes/03-osnovni-stravy/m-yasni-stravy/090-kovbasa-po-hutsulsky.md
091,Крученики,Основні страви,М'ясні страви,high,IMG_1687.jpg,B04-020,recipes/03-osnovni-stravy/m-yasni-stravy/091-kruchenyky.md
092,Майонез,Соуси та приправи,Соуси,high,IMG_1681.jpg,B04-007,recipes/06-sousy-ta-prypravy/sousy/092-mayonez.md
093,Млинці з печінки,Основні страви,Страви з печінки,high,IMG_1687.jpg,B04-021,recipes/03-osnovni-stravy/stravy-z-pechinky/093-mlyntsi-z-pechinky.md
094,Оселедець у соусі,Риба та морепродукти,Оселедець,high,IMG_1680.jpg,B04-005,recipes/04-ryba-ta-moreprodukty/oseledets/094-oseledets-u-sousi.md
095,Сільотка,Риба та морепродукти,Оселедець,medium,IMG_1680.jpg,B04-004,recipes/04-ryba-ta-moreprodukty/oseledets/095-silotka.md
096,Копчена риба,Риба та морепродукти,Рибні страви,low,IMG_1680.jpg,B04-006,recipes/04-ryba-ta-moreprodukty/rybni-stravy/096-kopchena-ryba.md
097,Скумбрія копчена,Риба та морепродукти,Рибні заготовки,high,IMG_1690.jpg,B05-002,recipes/04-ryba-ta-moreprodukty/rybni-zahotovky/097-skumbriya-kopchena.md
098,Сир голландський,Закуски,Сирні закуски,medium,IMG_1688.jpg,B04-022,recipes/05-zakusky/syrni-zakusky/098-syr-hollandskyy.md
099,Халва,Десерти,Інші десерти,medium,IMG_1698.jpg,B05-026,recipes/08-deserty/inshi-deserty/099-khalva.md
100,Пиріжки,Випічка,Пироги та кекси,high,IMG_1698.jpg,B05-027,recipes/07-vypichka/pyrohy-ta-keksy/100-pyrizhky.md
101,Майонез домашній,Соуси та приправи,Соуси,high,IMG_1689.jpg,B05-001,recipes/06-sousy-ta-prypravy/sousy/101-mayonez-domashniy.md
102,Соус «Сацебелі»,Соуси та приправи,Соуси,high,IMG_1666.jpg; IMG_1667.jpg,B02-019,recipes/06-sousy-ta-prypravy/sousy/102-sous-satsebeli.md
103,Пташки,Випічка,Пироги та кекси,high,IMG_1692.jpg,B05-006,recipes/07-vypichka/pyrohy-ta-keksy/103-ptashky.md
104,Кетчуп,Соуси та приправи,"Соуси, кетчупи та аджики",high,IMG_1673.jpg; IMG_1674.jpg,B03-010,recipes/06-sousy-ta-prypravy/sousy-ketchupy-ta-adzhyky/104-ketchup.md
105,Гостра приправа з перцю,Соуси та приправи,Гострі приправи,high,IMG_1669.jpg,B03-002,recipes/06-sousy-ta-prypravy/hostri-prypravy/105-hostra-pryprava-z-pertsyu.md
106,Медовик,Випічка,Торти,medium,IMG_1692.jpg,B05-009,recipes/07-vypichka/torty/106-medovyk.md
107,Сирні кульки,Випічка,Печиво та тістечка,high,IMG_1700.jpg,B06-001,recipes/07-vypichka/pechyvo-ta-tistechka/107-syrni-kulky.md
108,Рулет з медом,Випічка,Рулети,high,IMG_1701.jpg,B06-006,recipes/07-vypichka/rulety/108-rulet-z-medom.md
109,Налисники,Десерти,Інші десерти,high,IMG_1698.jpg,B05-028,recipes/08-deserty/inshi-deserty/109-nalysnyky.md
110,Бісквітний рулет,Випічка,Рулети,high,IMG_1701.jpg,B06-005,recipes/07-vypichka/rulety/110-biskvitnyy-rulet.md
112,Піца,Випічка,Пироги та кекси,high,IMG_1701.jpg,B06-004,recipes/07-vypichka/pyrohy-ta-keksy/112-pitsa.md
113,Торт «Кручений»,Випічка,Торти,high,IMG_1704.jpg,B06-013,recipes/07-vypichka/torty/113-tort-kruchenyy.md
115,Кекс,Випічка,Пироги та кекси,high,IMG_1707.jpg,B06-020,recipes/07-vypichka/pyrohy-ta-keksy/115-keks.md
116,Жозефіна,Випічка,Торти,medium,IMG_1693.jpg,B05-010,recipes/07-vypichka/torty/116-zhozefina.md
117,Зебра,Випічка,Пироги та кекси,high,IMG_1693.jpg,B05-011,recipes/07-vypichka/pyrohy-ta-keksy/117-zebra.md
118,Пиріжки закручені,Випічка,Пироги та кекси,high,IMG_1703.jpg,B06-011,recipes/07-vypichka/pyrohy-ta-keksy/118-pyrizhky-zakrucheni.md
119,Пироженко з варенням,Випічка,Пироги та кекси,high,IMG_1703.jpg,B06-010,recipes/07-vypichka/pyrohy-ta-keksy/119-pyrozhenko-z-varennyam.md
120,Мед з кульбаби,Десерти,Варення,high,IMG_1702.jpg,B06-007,recipes/08-deserty/varennya/120-med-z-kulbaby.md
121,Нутела,Десерти,Креми,high,IMG_1695.jpg,B05-018,recipes/08-deserty/kremy/121-nutela.md
122,Пташине молоко,Десерти,Креми,high,IMG_1700.jpg,B06-003,recipes/08-deserty/kremy/122-ptashyne-moloko.md
123,Гуж і Браж,Випічка,Торти,medium,IMG_1693.jpg,B05-012,recipes/07-vypichka/torty/123-huzh-i-brazh.md
126,Вафлі по-домашньому,Випічка,Вафлі,high,IMG_1692.jpg,B05-007,recipes/07-vypichka/vafli/126-vafli-po-domashnomu.md
127,Лимонник,Випічка,Пироги та кекси,high,IMG_1708.jpg,B06-022,recipes/07-vypichka/pyrohy-ta-keksy/127-lymonnyk.md
128,Коханий,Випічка,Торти,high,IMG_1709.jpg,B06-024,recipes/07-vypichka/torty/128-kokhanyy.md
129,Торт «Левеня»,Випічка,Торти,high,IMG_1702.jpg,B06-009,recipes/07-vypichka/torty/129-tort-levenya.md
130,Печиво з маком (без назви),Випічка,Печиво та тістечка,high,IMG_1697.jpg,B05-025,recipes/07-vypichka/pechyvo-ta-tistechka/130-pechyvo-z-makom-bez-nazvy.md
131,Ромашка,Випічка,Печиво та тістечка,high,IMG_1697.jpg,B05-024,recipes/07-vypichka/pechyvo-ta-tistechka/131-romashka.md
132,Творожной пирог,Випічка,Пироги та кекси,high,IMG_1706.jpg,B06-019,recipes/07-vypichka/pyrohy-ta-keksy/132-tvorozhnoy-pyroh.md
133,Рулет з яблуками,Випічка,Рулети,high,IMG_1708.jpg,B06-023,recipes/07-vypichka/rulety/133-rulet-z-yablukamy.md
134,Пряники,Випічка,Печиво та тістечка,high,IMG_1702.jpg,B06-008,recipes/07-vypichka/pechyvo-ta-tistechka/134-pryanyky.md
135,Шоколадне масло,Десерти,Креми,high,IMG_1695.jpg,B05-019,recipes/08-deserty/kremy/135-shokoladne-maslo.md
136,Цукерки «Коровка»,Десерти,Інші десерти,high,IMG_1709.jpg,B06-025,recipes/08-deserty/inshi-deserty/136-tsukerky-korovka.md
137,Пироженко,Випічка,Пироги та кекси,high,IMG_1695.jpg,B05-020,recipes/07-vypichka/pyrohy-ta-keksy/137-pyrozhenko.md
138,Вергуни звичайні,Випічка,Печиво та тістечка,high,IMG_1696.jpg,B05-023,recipes/07-vypichka/pechyvo-ta-tistechka/138-verhuny-zvychayni.md
139,Класний,Випічка,Торти,high,IMG_1694.jpg,B05-015,recipes/07-vypichka/torty/139-klasnyy.md
140,Хрустики,Випічка,Печиво та палички,high,IMG_1696.jpg,B05-022,recipes/07-vypichka/pechyvo-ta-palychky/140-khrustyky.md
141,Без назви (з манкою),Випічка,Печиво та палички,high,IMG_1694.jpg,B05-016,recipes/07-vypichka/pechyvo-ta-palychky/141-bez-nazvy-z-mankoyu.md
142,Мочалка,Випічка,Печиво та рогалики,high,IMG_1695.jpg,B05-017,recipes/07-vypichka/pechyvo-ta-rohalyky/142-mochalka.md
143,Горішки,Випічка,Печиво та тістечка,high,IMG_1696.jpg,B05-021,recipes/07-vypichka/pechyvo-ta-tistechka/143-horishky.md
144,Заварний крем,Десерти,Креми,high,IMG_1694.jpg,B05-014,recipes/08-deserty/kremy/144-zavarnyy-krem.md
145,Крем з какао,Десерти,Креми,high,IMG_1694.jpg,B05-013,recipes/08-deserty/kremy/145-krem-z-kakao.md
146,Шоколадна глазур,Десерти,Глазурі,high,IMG_1700.jpg,B06-002,recipes/08-deserty/hlazuri/146-shokoladna-hlazur.md
147,Варення з груш із цитрусовими,Десерти,Варення,high,IMG_1662.jpg,B02-010,recipes/08-deserty/varennya/147-varennya-z-hrush-iz-tsytrusovymy.md
148,Варення з полуниці,Десерти,Варення,high,IMG_1662.jpg,B02-011,recipes/08-deserty/varennya/148-varennya-z-polunytsi.md
149,Сирна запіканка,Десерти,Запіканки,high,IMG_1706.jpg,B06-017,recipes/08-deserty/zapikanky/149-syrna-zapikanka.md
150,Пухкий,Випічка,Торти,high,IMG_1692.jpg,B05-008,recipes/07-vypichka/torty/150-pukhkyy.md
151,Домашній коньяк,Напої,Настоянки та лікери,high,IMG_1669.jpg,B03-001,recipes/09-napoyi/nastoyanky-ta-likery/151-domashniy-konyak.md
152,Вишневий лікер,Напої,Лікери,high,IMG_1665.jpg,B02-016,recipes/09-napoyi/likery/152-vyshnevyy-liker.md
156,Цвітний сир,Десерти,Сирні десерти,high,IMG_1699.jpg,P2-IMG_1699,recipes/08-deserty/syrni-deserty/156-tsvitnyy-syr.md
157,Глазур з какао,Десерти,Глазурі,high,IMG_1694.jpg,P2-IMG_1694,recipes/08-deserty/hlazuri/157-hlazur-z-kakao.md
158,Товсті пряники,Випічка,Печиво та тістечка,low,IMG_1696.jpg,P2-IMG_1696,recipes/07-vypichka/pechyvo-ta-tistechka/158-tovsti-pryanyky.md
159,Без назви (з корицею),Випічка,Печиво та тістечка,high,IMG_1697.jpg,P2-IMG_1697,recipes/07-vypichka/pechyvo-ta-tistechka/159-bez-nazvy-z-korytseyu.md
160,Без назви (з маком  «робила»),Випічка,Печиво та тістечка,high,IMG_1697.jpg,P2-IMG_1697,recipes/07-vypichka/pechyvo-ta-tistechka/160-bez-nazvy-z-makom-robyla.md
161,Горпики,Випічка,Торти,high,IMG_1701.jpg,P2-IMG_1701,recipes/07-vypichka/torty/161-horpyky.md
162,Бабка,Випічка,Пироги та кекси,low,IMG_1702.jpg,P2-IMG_1702,recipes/07-vypichka/pyrohy-ta-keksy/162-babka.md
163,Торт «Каприз ласуні»,Випічка,Торти,high,IMG_1705.jpg,P2-IMG_1705,recipes/07-vypichka/torty/163-tort-kapryz-lasuni.md
164,Вишневий лікер (на 3 5 л),Напої,Лікери,high,IMG_1707.jpg,P2-IMG_1707,recipes/09-napoyi/likery/164-vyshnevyy-liker-na-3-5-l.md
165,Глазур на паску,Десерти,Глазурі,high,IMG_1707.jpg,P2-IMG_1707,recipes/08-deserty/hlazuri/165-hlazur-na-pasku.md
166,Салат (назва не записана),Салати,Крабові салати,high,IMG_1690.jpg,P2-IMG_1690,recipes/02-salaty/krabovi-salaty/166-salat-nazva-ne-zapysana.md
167,Салат (назва не записана),Салати,Салати з куркою,high,IMG_1690.jpg,P2-IMG_1690,recipes/02-salaty/salaty-z-kurkoyu/167-salat-nazva-ne-zapysana.md
